item_id,annotator,batch,stigma_present,stigma_confidence,mode,domain,type,public_domain_affective,public_domain_cognitive,public_domain_behaviour,language_features
stig_0001,ann_1,batch3,yes,10,expressed/enacted,public,cognitive,,dangerousness; immutability; moral or character flaw; uncontrollable,,
stig_0001,ann_2,batch3,yes,8,expressed/enacted,public,cognitive,,dangerousness; moral or character flaw,,
stig_0001,ann_4,batch3,yes,5,expressed/enacted,public,cognitive,,dangerousness; moral or character flaw,,
stig_0002,ann_4,batch1,no,,,,,,,,
stig_0003,ann_2,batch4,no,7,,,,,,,
stig_0003,ann_4,batch4,no,9,,,,,,,
stig_0004,ann_1,batch3,yes,3,expressed/enacted,public; self,cognitive,,immutability,,
stig_0004,ann_2,batch3,no,6,,,,,,,
stig_0004,ann_4,batch3,no,7,,,,,,,
stig_0005,ann_2,batch4,no,4,,,,,,,
stig_0005,ann_4,batch4,no,9,,,,,,,
stig_0006,ann_1,batch3,no,10,,,,,,,
stig_0006,ann_2,batch3,yes,5,expressed/enacted,public,affective; cognitive,"anger, irritability or frustration; disgust; pity",pity/condescension,,
stig_0006,ann_4,batch3,no,8,,,,,,,
stig_0007,ann_2,batch4,no,5,,,,,,,
stig_0007,ann_4,batch4,no,9,,,,,,,
stig_0008,ann_1,batch4,no,9,,,,,,,
stig_0008,ann_2,batch4,no,4,,,,,,,
stig_0008,ann_4,batch4,no,5,,,,,,,
stig_0009,ann_2,batch4,no,3,,,,,,,
stig_0009,ann_4,batch4,no,9,,,,,,,
stig_0010,ann_1,batch2,no,,,,,,,,
stig_0010,ann_3,batch2,no,,,,,,,,
stig_0010,ann_4,batch2,no,,,,,,,,
stig_0011,ann_4,batch1,no,,,,,,,,
stig_0012,ann_1,batch3,no,5,,,,,,,
stig_0012,ann_2,batch3,no,6,,,,,,,
stig_0012,ann_4,batch3,no,7,,,,,,,
stig_0013,ann_1,batch2,yes,,perceived/experienced,self,,,,,
stig_0013,ann_3,batch2,no,,,,,,,,
stig_0013,ann_4,batch2,no,,,,,,,,
stig_0014,ann_1,batch2,no,,,,,,,,
stig_0014,ann_3,batch2,no,,,,,,,,
stig_0014,ann_4,batch2,no,,,,,,,,
stig_0015,ann_2,batch4,no,2,,,,,,,
stig_0015,ann_4,batch4,no,5,,,,,,,
stig_0016,ann_2,batch4,no,4,,,,,,,
stig_0016,ann_4,batch4,no,6,,,,,,,
stig_0017,ann_1,batch3,no,8,,,,,,,
stig_0017,ann_2,batch3,no,5,,,,,,,
stig_0017,ann_4,batch3,no,6,,,,,,,
stig_0018,ann_1,batch2,no,,,,,,,,
stig_0018,ann_3,batch2,no,,,,,,,,
stig_0018,ann_4,batch2,no,,,,,,,,
stig_0019,ann_2,batch4,no,5,,,,,,,
stig_0019,ann_4,batch4,no,6,,,,,,,
stig_0020,ann_1,batch3,no,10,,,,,,,
stig_0020,ann_2,batch3,yes,6,perceived/experienced,public,cognitive,,moral or character flaw; pity/condescension,,
stig_0020,ann_4,batch3,no,8,,,,,,,
stig_0021,ann_2,batch4,yes,5,expressed/enacted,public,cognitive,,uncontrollable,,
stig_0021,ann_4,batch4,no,5,,,,,,,
stig_0022,ann_1,batch4,no,8,,,,,,,
stig_0022,ann_2,batch4,no,4,,,,,,,
stig_0022,ann_4,batch4,yes,6,expressed/enacted,public,behavioural,,,other,
stig_0023,ann_2,batch4,yes,4,expressed/enacted,public,cognitive,,other,,
stig_0023,ann_4,batch4,no,5,,,,,,,
stig_0024,ann_2,batch4,no,2,,,,,,,
stig_0024,ann_4,batch4,no,9,,,,,,,
stig_0025,ann_4,batch1,no,,,,,,,,
stig_0026,ann_2,batch4,no,6,,,,,,,
stig_0026,ann_4,batch4,no,8,,,,,,,
stig_0027,ann_1,batch3,yes,8,perceived/experienced,public,cognitive,,trivialisation or minimisation,,
stig_0027,ann_2,batch3,yes,9,expressed/enacted,public,cognitive,,trivialisation or minimisation,,
stig_0027,ann_4,batch3,yes,5,expressed/enacted,public,cognitive,,trivialisation or minimisation,,
stig_0028,ann_1,batch2,no,,,,,,,,
stig_0028,ann_3,batch2,no,,,,,,,,
stig_0028,ann_4,batch2,no,,,,,,,,
stig_0029,ann_1,batch3,yes,10,expressed/enacted; perceived/experienced,public,cognitive,,trivialisation or minimisation,,
stig_0029,ann_2,batch3,yes,7,expressed/enacted,public,cognitive,,incompetence; uncontrollable,,
stig_0029,ann_4,batch3,no,6,,,,,,,
stig_0030,ann_1,batch3,no,10,,,,,,,
stig_0030,ann_2,batch3,yes,3,perceived/experienced,public,behavioural; cognitive,,contamination; moral or character flaw,other; social distancing,
stig_0030,ann_4,batch3,no,6,,,,,,,
stig_0031,ann_2,batch4,no,6,,,,,,,
stig_0031,ann_4,batch4,no,9,,,,,,,
stig_0032,ann_4,batch1,no,,,,,,,,
stig_0033,ann_1,batch3,no,10,,,,,,,
stig_0033,ann_2,batch3,no,3,,,,,,,
stig_0033,ann_4,batch3,no,8,,,,,,,
stig_0034,ann_2,batch4,no,1,,,,,,,
stig_0034,ann_4,batch4,no,8,,,,,,,
stig_0035,ann_2,batch4,no,7,,,,,,,
stig_0035,ann_4,batch4,no,9,,,,,,,
stig_0036,ann_1,batch1,no,,,,,,,,
stig_0037,ann_1,batch3,no,10,,,,,,,
stig_0037,ann_2,batch3,yes,4,perceived/experienced,public; structural,cognitive,,trivialisation or minimisation,,
stig_0037,ann_4,batch3,no,7,,,,,,,
stig_0038,ann_2,batch4,no,3,,,,,,,
stig_0038,ann_4,batch4,no,8,,,,,,,
stig_0039,ann_1,batch2,no,,,,,,,,
stig_0039,ann_3,batch2,no,,,,,,,,
stig_0039,ann_4,batch2,no,,,,,,,,
stig_0040,ann_1,batch3,no,9,,,,,,,
stig_0040,ann_2,batch3,yes,5,expressed/enacted,public,cognitive,,pity/condescension; uncontrollable,,
stig_0040,ann_4,batch3,no,8,,,,,,,
stig_0041,ann_2,batch4,no,5,,,,,,,
stig_0041,ann_4,batch4,no,8,,,,,,,
stig_0042,ann_1,batch3,no,10,,,,,,,
stig_0042,ann_2,batch3,no,5,,,,,,,
stig_0042,ann_4,batch3,no,7,,,,,,,
stig_0043,ann_2,batch4,no,7,,,,,,,
stig_0043,ann_4,batch4,no,9,,,,,,,
stig_0044,ann_1,batch3,yes,10,expressed/enacted,public,cognitive,,trivialisation or minimisation,,
stig_0044,ann_2,batch3,yes,8,expressed/enacted,public,cognitive,,trivialisation or minimisation; uncontrollable,,
stig_0044,ann_4,batch3,no,6,,,,,,,
stig_0045,ann_2,batch4,no,5,,,,,,,
stig_0045,ann_4,batch4,no,8,,,,,,,
stig_0046,ann_2,batch4,yes,4,expressed/enacted,public,cognitive,,contamination; dangerousness; moral or character flaw,,
stig_0046,ann_4,batch4,no,6,,,,,,,
stig_0047,ann_2,batch4,no,3,,,,,,,
stig_0047,ann_4,batch4,no,9,,,,,,,
stig_0048,ann_4,batch1,no,,,,,,,,
stig_0049,ann_1,batch2,no,,,,,,,,
stig_0049,ann_3,batch2,no,,,,,,,,
stig_0049,ann_4,batch2,no,,,,,,,,
stig_0050,ann_1,batch2,yes,,expressed/enacted,public,cognitive,,uncontrollable,,metaphor via terminology
stig_0050,ann_3,batch2,yes,,expressed/enacted,public,cognitive,,trivialisation or minimisation,,metaphor via terminology; stereotype language
stig_0050,ann_4,batch2,no,,,,,,,,
stig_0051,ann_2,batch4,no,4,,,,,,,
stig_0051,ann_4,batch4,no,6,,,,,,,
stig_0052,ann_2,batch4,no,7,,,,,,,
stig_0052,ann_4,batch4,no,8,,,,,,,
stig_0053,ann_1,batch1,yes,,perceived/experienced,structural,,,,,
stig_0054,ann_1,batch3,no,7,,,,,,,
stig_0054,ann_2,batch3,yes,2,perceived/experienced,public,behavioural,,,social distancing,
stig_0054,ann_4,batch3,no,7,,,,,,,
stig_0055,ann_2,batch4,no,6,,,,,,,
stig_0055,ann_4,batch4,no,8,,,,,,,
stig_0056,ann_1,batch3,yes,7,expressed/enacted,public,cognitive,,immutability; moral or character flaw; uncontrollable,,
stig_0056,ann_2,batch3,yes,6,expressed/enacted,public,cognitive,,controllable; dangerousness; moral or character flaw; uncontrollable,,
stig_0056,ann_4,batch3,no,6,,,,,,,
stig_0057,ann_4,batch1,no,,,,,,,,
stig_0058,ann_2,batch4,no,4,,,,,,,
stig_0058,ann_4,batch4,no,8,,,,,,,
stig_0059,ann_1,batch3,yes,7,expressed/enacted,public,cognitive,,trivialisation or minimisation,,
stig_0059,ann_2,batch3,yes,8,expressed/enacted,public,cognitive,,uncontrollable,,
stig_0059,ann_4,batch3,no,7,,,,,,,
stig_0060,ann_1,batch3,no,7,,,,,,,
stig_0060,ann_2,batch3,no,8,,,,,,,
stig_0060,ann_4,batch3,no,8,,,,,,,
stig_0061,ann_2,batch4,no,2,,,,,,,
stig_0061,ann_4,batch4,no,5,,,,,,,
stig_0062,ann_2,batch4,no,5,,,,,,,
stig_0062,ann_4,batch4,no,9,,,,,,,
stig_0063,ann_1,batch3,no,9,,,,,,,
stig_0063,ann_2,batch3,yes,5,expressed/enacted,public,cognitive,,pity/condescension; trivialisation or minimisation,,
stig_0063,ann_4,batch3,no,7,,,,,,,
stig_0064,ann_1,batch2,no,,,,,,,,
stig_0064,ann_3,batch2,no,,,,,,,,
stig_0064,ann_4,batch2,no,,,,,,,,
stig_0065,ann_1,batch2,no,,,,,,,,
stig_0065,ann_3,batch2,no,,,,,,,,
stig_0065,ann_4,batch2,no,,,,,,,,
stig_0066,ann_1,batch3,no,10,,,,,,,
stig_0066,ann_2,batch3,yes,5,expressed/enacted,public,cognitive,,pity/condescension,,
stig_0066,ann_4,batch3,no,6,,,,,,,
stig_0067,ann_4,batch1,yes,,expressed/enacted; perceived/experienced,public,affective,"anger, irritability or frustration; fear; pity",,,
stig_0068,ann_1,batch2,yes,,expressed/enacted,public,affective; cognitive,fear,dangerousness; moral or character flaw; uncontrollable,,
stig_0068,ann_3,batch2,no,,,,,,,,
stig_0068,ann_4,batch2,no,,,,,,,,
stig_0069,ann_4,batch1,no,,,,,,,,
stig_0070,ann_1,batch3,yes,7,expressed/enacted,public,cognitive,,incompetence,,
stig_0070,ann_2,batch3,yes,9,expressed/enacted,public,cognitive,,incompetence; pity/condescension,,
stig_0070,ann_4,batch3,yes,7,expressed/enacted,public,cognitive,,incompetence,,
stig_0071,ann_1,batch2,yes,,expressed/enacted,self,,,,,
stig_0071,ann_3,batch2,no,,,,,,,,
stig_0071,ann_4,batch2,no,,,,,,,,
stig_0072,ann_1,batch2,no,,,,,,,,
stig_0072,ann_3,batch2,no,,,,,,,,
stig_0072,ann_4,batch2,no,,,,,,,,
stig_0073,ann_1,batch2,no,,,,,,,,
stig_0073,ann_3,batch2,no,,,,,,,,
stig_0073,ann_4,batch2,no,,,,,,,,
stig_0074,ann_1,batch2,no,,,,,,,,
stig_0074,ann_3,batch2,yes,,expressed/enacted,public,cognitive,,trivialisation or minimisation,,jokes and mockery
stig_0074,ann_4,batch2,no,,,,,,,,
stig_0075,ann_1,batch3,no,6,,,,,,,
stig_0075,ann_2,batch3,yes,7,expressed/enacted,public,cognitive,,dangerousness; moral or character flaw; trivialisation or minimisation; uncontrollable,,
stig_0075,ann_4,batch3,no,5,,,,,,,
stig_0076,ann_2,batch4,no,7,,,,,,,
stig_0076,ann_4,batch4,no,8,,,,,,,
stig_0077,ann_1,batch3,yes,5,expressed/enacted,public,cognitive,,immutability; incompetence; moral or character flaw,,
stig_0077,ann_2,batch3,no,5,,,,,,,
stig_0077,ann_4,batch3,no,7,,,,,,,
stig_0078,ann_1,batch2,no,,,,,,,,
stig_0078,ann_3,batch2,yes,,perceived/experienced,structural,,,,,
stig_0078,ann_4,batch2,no,,,,,,,,
stig_0079,ann_1,batch2,no,,,,,,,,
stig_0079,ann_3,batch2,no,,,,,,,,
stig_0079,ann_4,batch2,no,,,,,,,,
stig_0080,ann_1,batch2,no,,,,,,,,
stig_0080,ann_3,batch2,no,,,,,,,,
stig_0080,ann_4,batch2,no,,,,,,,,
stig_0081,ann_1,batch2,no,,,,,,,,
stig_0081,ann_3,batch2,yes,,expressed/enacted,public,affective; behavioural; cognitive,"anger, irritability or frustration",moral or character flaw; uncontrollable,social distancing,other; stereotype language
stig_0081,ann_4,batch2,yes,,expressed/enacted,public,affective,"anger, irritability or frustration",,,other
stig_0082,ann_2,batch4,yes,4,expressed/enacted; perceived/experienced,public; self,cognitive,,pity/condescension,,
stig_0082,ann_4,batch4,no,9,,,,,,,
stig_0083,ann_2,batch4,no,1,,,,,,,
stig_0083,ann_4,batch4,no,9,,,,,,,
stig_0084,ann_1,batch3,yes,6,expressed/enacted,self,,,,,
stig_0084,ann_2,batch3,yes,6,perceived/experienced,self,,,,,
stig_0084,ann_4,batch3,yes,6,expressed/enacted,self,,,,,
stig_0085,ann_1,batch2,no,,,,,,,,
stig_0085,ann_3,batch2,no,,,,,,,,
stig_0085,ann_4,batch2,no,,,,,,,,
stig_0086,ann_2,batch4,no,8,,,,,,,
stig_0086,ann_4,batch4,no,9,,,,,,,
stig_0087,ann_1,batch2,yes,,expressed/enacted; perceived/experienced,public,affective,pity,,,
stig_0087,ann_3,batch2,yes,,expressed/enacted,public,cognitive,,dangerousness; incompetence,,direct pejoratives
stig_0087,ann_4,batch2,no,,,,,,,,
stig_0088,ann_1,batch2,no,,,,,,,,
stig_0088,ann_3,batch2,no,,,,,,,,
stig_0088,ann_4,batch2,no,,,,,,,,
stig_0089,ann_1,batch2,no,,,,,,,,
stig_0089,ann_3,batch2,no,,,,,,,,
stig_0089,ann_4,batch2,no,,,,,,,,
stig_0090,ann_1,batch2,yes,,expressed/enacted,public,affective; cognitive,fear,dangerousness; uncontrollable,,
stig_0090,ann_3,batch2,no,,,,,,,,
stig_0090,ann_4,batch2,no,,,,,,,,
stig_0091,ann_1,batch2,yes,,expressed/enacted; perceived/experienced,public,affective; cognitive,"anger, irritability or frustration",incompetence; moral or character flaw,,
stig_0091,ann_3,batch2,no,,,,,,,,
stig_0091,ann_4,batch2,no,,,,,,,,
stig_0092,ann_1,batch3,yes,10,perceived/experienced,self,,,,,
stig_0092,ann_2,batch3,yes,7,perceived/experienced,public; self,cognitive,,controllable; immutability; moral or character flaw; personal responsibility and blame; trivialisation or minimisation,,
stig_0092,ann_4,batch3,no,5,,,,,,,
stig_0093,ann_1,batch2,no,,,,,,,,
stig_0093,ann_3,batch2,yes,,expressed/enacted,self,,,,,stereotype language
stig_0093,ann_4,batch2,yes,,expressed/enacted; perceived/experienced,public,cognitive,,moral or character flaw; trivialisation or minimisation,,
stig_0094,ann_1,batch3,no,10,,,,,,,
stig_0094,ann_2,batch3,no,5,,,,,,,
stig_0094,ann_4,batch3,no,7,,,,,,,
stig_0095,ann_2,batch4,no,6,,,,,,,
stig_0095,ann_4,batch4,no,9,,,,,,,
stig_0096,ann_1,batch3,no,6,,,,,,,
stig_0096,ann_2,batch3,no,7,,,,,,,
stig_0096,ann_4,batch3,no,7,,,,,,,
stig_0097,ann_3,batch1,yes,,expressed/enacted,structural,,,,,
stig_0098,ann_2,batch4,no,4,,,,,,,
stig_0098,ann_4,batch4,yes,5,expressed/enacted,public,cognitive,,pity/condescension,,
stig_0099,ann_4,batch1,no,,,,,,,,
stig_0100,ann_1,batch3,yes,9,perceived/experienced,self,,,,,
stig_0100,ann_2,batch3,yes,9,perceived/experienced,self,,,,,
stig_0100,ann_4,batch3,yes,5,expressed/enacted,self,,,,,
stig_0101,ann_2,batch4,no,5,,,,,,,
stig_0101,ann_4,batch4,no,8,,,,,,,
stig_0102,ann_2,batch4,no,0,,,,,,,
stig_0102,ann_4,batch4,no,9,,,,,,,
stig_0103,ann_1,batch3,no,10,,,,,,,
stig_0103,ann_2,batch3,yes,6,expressed/enacted,public,cognitive,,incompetence; other,,
stig_0103,ann_4,batch3,no,8,,,,,,,
stig_0104,ann_2,batch4,no,2,,,,,,,
stig_0104,ann_4,batch4,yes,6,expressed/enacted,structural,,,,,
stig_0105,ann_1,batch3,no,10,,,,,,,
stig_0105,ann_2,batch3,yes,9,expressed/enacted,associative; public,cognitive,,trivialisation or minimisation,,
stig_0105,ann_4,batch3,no,8,,,,,,,
stig_0106,ann_1,batch2,no,,,,,,,,
stig_0106,ann_3,batch2,no,,,,,,,,
stig_0106,ann_4,batch2,no,,,,,,,,
stig_0107,ann_2,batch4,no,6,,,,,,,
stig_0107,ann_4,batch4,no,9,,,,,,,
stig_0108,ann_4,batch1,no,,,,,,,,
stig_0109,ann_4,batch1,no,,,,,,,,
stig_0110,ann_2,batch4,no,5,,,,,,,
stig_0110,ann_4,batch4,no,9,,,,,,,
stig_0111,ann_2,batch4,no,3,,,,,,,
stig_0111,ann_4,batch4,no,5,,,,,,,
stig_0112,ann_1,batch3,yes,10,expressed/enacted,public,cognitive,,trivialisation or minimisation,,
stig_0112,ann_2,batch3,yes,8,expressed/enacted,public,cognitive,,incompetence; trivialisation or minimisation; uncontrollable,,
stig_0112,ann_4,batch3,no,7,,,,,,,
stig_0113,ann_1,batch3,no,9,,,,,,,
stig_0113,ann_2,batch3,no,7,,,,,,,
stig_0113,ann_4,batch3,no,8,,,,,,,
stig_0114,ann_2,batch4,no,6,,,,,,,
stig_0114,ann_4,batch4,no,9,,,,,,,
stig_0115,ann_1,batch3,no,10,,,,,,,
stig_0115,ann_2,batch3,no,5,,,,,,,
stig_0115,ann_4,batch3,no,8,,,,,,,
stig_0116,ann_1,batch2,no,,,,,,,,
stig_0116,ann_3,batch2,no,,,,,,,,
stig_0116,ann_4,batch2,no,,,,,,,,
stig_0117,ann_1,batch4,no,10,,,,,,,
stig_0117,ann_2,batch4,no,4,,,,,,,
stig_0117,ann_4,batch4,no,8,,,,,,,
stig_0118,ann_2,batch4,no,6,,,,,,,
stig_0118,ann_4,batch4,no,8,,,,,,,
stig_0119,ann_1,batch3,yes,6,expressed/enacted,public,cognitive,,trivialisation or minimisation,,
stig_0119,ann_2,batch3,yes,8,expressed/enacted,public,cognitive,,incompetence,,
stig_0119,ann_4,batch3,no,7,,,,,,,
stig_0120,ann_2,batch4,no,3,,,,,,,
stig_0120,ann_4,batch4,no,8,,,,,,,
stig_0121,ann_1,batch2,yes,,expressed/enacted,public,affective; behavioural; cognitive,"anger, irritability or frustration; disgust",incompetence; moral or character flaw; pity/condescension; uncontrollable,social distancing,jokes and mockery
stig_0121,ann_3,batch2,yes,,expressed/enacted,public,cognitive,,moral or character flaw,,stereotype language
stig_0121,ann_4,batch2,no,,,,,,,,
stig_0122,ann_2,batch4,no,6,,,,,,,
stig_0122,ann_4,batch4,no,8,,,,,,,
stig_0123,ann_1,batch2,no,,,,,,,,
stig_0123,ann_3,batch2,no,,,,,,,,
stig_0123,ann_4,batch2,no,,,,,,,,
stig_0124,ann_1,batch3,no,10,,,,,,,
stig_0124,ann_2,batch3,yes,2,expressed/enacted,public,affective,"anger, irritability or frustration",,,
stig_0124,ann_4,batch3,no,8,,,,,,,
stig_0125,ann_1,batch2,no,,,,,,,,
stig_0125,ann_3,batch2,no,,,,,,,,
stig_0125,ann_4,batch2,no,,,,,,,,
stig_0126,ann_2,batch4,no,3,,,,,,,
stig_0126,ann_4,batch4,no,8,,,,,,,
stig_0127,ann_4,batch1,no,,,,,,,,
stig_0128,ann_1,batch3,no,10,,,,,,,
stig_0128,ann_2,batch3,yes,7,expressed/enacted,public,cognitive,,incompetence; personal responsibility and blame; pity/condescension,,
stig_0128,ann_4,batch3,no,8,,,,,,,
stig_0129,ann_1,batch3,yes,7,expressed/enacted,public,cognitive,,other,,
stig_0129,ann_2,batch3,yes,5,expressed/enacted,public,cognitive,,pity/condescension,,
stig_0129,ann_4,batch3,no,7,,,,,,,
stig_0130,ann_1,batch4,no,8,,,,,,,
stig_0130,ann_2,batch4,no,5,,,,,,,
stig_0130,ann_4,batch4,no,8,,,,,,,
stig_0131,ann_2,batch4,no,3,,,,,,,
stig_0131,ann_4,batch4,no,8,,,,,,,
stig_0132,ann_2,batch4,no,4,,,,,,,
stig_0132,ann_4,batch4,no,8,,,,,,,
stig_0133,ann_2,batch4,yes,7,perceived/experienced,public,behavioural; cognitive,,controllable; moral or character flaw; pity/condescension,other,
stig_0133,ann_4,batch4,no,9,,,,,,,
stig_0134,ann_1,batch2,yes,,expressed/enacted; perceived/experienced,public; self,affective; behavioural; cognitive,disgust,moral or character flaw; pity/condescension,social distancing,direct pejoratives
stig_0134,ann_3,batch2,yes,,perceived/experienced,self,,,,,stereotype language
stig_0134,ann_4,batch2,yes,,perceived/experienced,self,,,,,direct pejoratives
stig_0135,ann_1,batch2,yes,,expressed/enacted,public,cognitive,,dangerousness,,
stig_0135,ann_3,batch2,no,,,,,,,,
stig_0135,ann_4,batch2,no,,,,,,,,
stig_0136,ann_2,batch4,no,3,,,,,,,
stig_0136,ann_4,batch4,no,8,,,,,,,
stig_0137,ann_1,batch3,no,10,,,,,,,
stig_0137,ann_2,batch3,yes,3,perceived/experienced,structural,,,,,
stig_0137,ann_4,batch3,no,7,,,,,,,
stig_0138,ann_1,batch3,yes,6,expressed/enacted; perceived/experienced,self,,,,,
stig_0138,ann_2,batch3,yes,5,perceived/experienced,self,,,,,
stig_0138,ann_4,batch3,no,8,,,,,,,
stig_0139,ann_2,batch4,no,6,,,,,,,
stig_0139,ann_4,batch4,no,9,,,,,,,
stig_0140,ann_1,batch2,no,,,,,,,,
stig_0140,ann_3,batch2,no,,,,,,,,
stig_0140,ann_4,batch2,no,,,,,,,,
stig_0141,ann_2,batch4,no,6,,,,,,,
stig_0141,ann_4,batch4,no,9,,,,,,,
stig_0142,ann_1,batch3,yes,8,expressed/enacted,public,cognitive,,trivialisation or minimisation,,
stig_0142,ann_2,batch3,yes,7,expressed/enacted,public,cognitive,,incompetence,,
stig_0142,ann_4,batch3,no,5,,,,,,,
stig_0143,ann_1,batch3,no,10,,,,,,,
stig_0143,ann_2,batch3,no,6,,,,,,,
stig_0143,ann_4,batch3,no,5,,,,,,,
stig_0144,ann_2,batch4,no,4,,,,,,,
stig_0144,ann_4,batch4,no,8,,,,,,,
stig_0145,ann_1,batch2,yes,,expressed/enacted,public,cognitive,,incompetence,,
stig_0145,ann_3,batch2,no,,,,,,,,
stig_0145,ann_4,batch2,no,,,,,,,,
stig_0146,ann_1,batch3,no,5,,,,,,,
stig_0146,ann_2,batch3,yes,6,expressed/enacted; perceived/experienced,public,behavioural; cognitive,,dangerousness; personal responsibility and blame; trivialisation or minimisation,other,
stig_0146,ann_4,batch3,no,6,,,,,,,
stig_0147,ann_2,batch4,no,7,,,,,,,
stig_0147,ann_4,batch4,no,8,,,,,,,
stig_0148,ann_4,batch1,no,,,,,,,,
stig_0149,ann_2,batch4,yes,1,expressed/enacted,public,cognitive,,pity/condescension,,
stig_0149,ann_4,batch4,no,9,,,,,,,
stig_0150,ann_4,batch1,no,,,,,,,,
stig_0151,ann_4,batch1,yes,,perceived/experienced,public,affective,disgust,,,
stig_0152,ann_1,batch4,no,7,,,,,,,
stig_0152,ann_2,batch4,no,4,,,,,,,
stig_0152,ann_4,batch4,no,8,,,,,,,
stig_0153,ann_1,batch3,no,10,,,,,,,
stig_0153,ann_2,batch3,no,7,,,,,,,
stig_0153,ann_4,batch3,no,6,,,,,,,
stig_0154,ann_1,batch3,no,9,,,,,,,
stig_0154,ann_2,batch3,yes,7,perceived/experienced,public,behavioural; cognitive,,contamination,other,
stig_0154,ann_4,batch3,yes,8,expressed/enacted; perceived/experienced,public,behavioural,,,other,
stig_0155,ann_1,batch2,no,,,,,,,,
stig_0155,ann_3,batch2,no,,,,,,,,
stig_0155,ann_4,batch2,no,,,,,,,,
stig_0156,ann_1,batch3,no,8,,,,,,,
stig_0156,ann_2,batch3,no,7,,,,,,,
stig_0156,ann_4,batch3,no,6,,,,,,,
stig_0157,ann_1,batch3,no,6,,,,,,,
stig_0157,ann_2,batch3,yes,7,expressed/enacted; perceived/experienced,public; self,cognitive,,uncontrollable,,
stig_0157,ann_4,batch3,yes,5,expressed/enacted,self,,,,,
stig_0158,ann_2,batch4,no,4,,,,,,,
stig_0158,ann_4,batch4,no,9,,,,,,,
stig_0159,ann_2,batch4,no,2,,,,,,,
stig_0159,ann_4,batch4,no,9,,,,,,,
stig_0160,ann_1,batch2,no,,,,,,,,
stig_0160,ann_3,batch2,no,,,,,,,,
stig_0160,ann_4,batch2,no,,,,,,,,
stig_0161,ann_1,batch3,no,10,,,,,,,
stig_0161,ann_2,batch3,yes,8,expressed/enacted,public,cognitive,,pity/condescension,,
stig_0161,ann_4,batch3,yes,6,expressed/enacted,public,cognitive,,trivialisation or minimisation,,
stig_0162,ann_1,batch4,yes,7,perceived/experienced,public; structural,cognitive,,incompetence,,
stig_0162,ann_2,batch4,no,4,,,,,,,
stig_0162,ann_4,batch4,no,8,,,,,,,
stig_0163,ann_2,batch4,no,1,,,,,,,
stig_0163,ann_4,batch4,no,9,,,,,,,
stig_0164,ann_1,batch2,no,,,,,,,,
stig_0164,ann_3,batch2,no,,,,,,,,
stig_0164,ann_4,batch2,no,,,,,,,,
stig_0165,ann_1,batch2,no,,,,,,,,
stig_0165,ann_3,batch2,no,,,,,,,,
stig_0165,ann_4,batch2,no,,,,,,,,
stig_0166,ann_2,batch4,yes,7,expressed/enacted,public,cognitive,,uncontrollable,,
stig_0166,ann_4,batch4,no,5,,,,,,,
stig_0167,ann_1,batch3,yes,5,expressed/enacted,public,cognitive,,immutability; moral or character flaw; uncontrollable,,
stig_0167,ann_2,batch3,no,3,,,,,,,
stig_0167,ann_4,batch3,no,8,,,,,,,
stig_0168,ann_1,batch3,no,10,,,,,,,
stig_0168,ann_2,batch3,no,8,,,,,,,
stig_0168,ann_4,batch3,no,7,,,,,,,
stig_0169,ann_1,batch4,yes,10,perceived/experienced,public; self,cognitive,,dangerousness; uncontrollable,,
stig_0169,ann_2,batch4,no,3,,,,,,,
stig_0169,ann_4,batch4,no,8,,,,,,,
stig_0170,ann_1,batch2,no,,,,,,,,
stig_0170,ann_3,batch2,no,,,,,,,,
stig_0170,ann_4,batch2,no,,,,,,,,
stig_0171,ann_1,batch2,no,,,,,,,,
stig_0171,ann_3,batch2,yes,,perceived/experienced,structural,,,,,
stig_0171,ann_4,batch2,no,,,,,,,,
stig_0172,ann_1,batch4,no,10,,,,,,,
stig_0172,ann_2,batch4,no,7,,,,,,,
stig_0172,ann_4,batch4,no,9,,,,,,,
stig_0173,ann_1,batch3,no,7,,,,,,,
stig_0173,ann_2,batch3,no,6,,,,,,,
stig_0173,ann_4,batch3,no,7,,,,,,,
stig_0174,ann_1,batch2,no,,,,,,,,
stig_0174,ann_3,batch2,no,,,,,,,,
stig_0174,ann_4,batch2,no,,,,,,,,
stig_0175,ann_1,batch2,no,,,,,,,,
stig_0175,ann_3,batch2,no,,,,,,,,
stig_0175,ann_4,batch2,no,,,,,,,,
stig_0176,ann_2,batch4,no,6,,,,,,,
stig_0176,ann_4,batch4,no,6,,,,,,,
stig_0177,ann_2,batch4,no,2,,,,,,,
stig_0177,ann_4,batch4,no,9,,,,,,,
stig_0178,ann_2,batch4,no,8,,,,,,,
stig_0178,ann_4,batch4,no,9,,,,,,,
stig_0179,ann_2,batch4,no,5,,,,,,,
stig_0179,ann_4,batch4,no,8,,,,,,,
stig_0180,ann_4,batch1,no,,,,,,,,
stig_0181,ann_1,batch3,no,7,,,,,,,
stig_0181,ann_2,batch3,no,8,,,,,,,
stig_0181,ann_4,batch3,no,7,,,,,,,
stig_0182,ann_1,batch2,yes,,expressed/enacted,public,affective; cognitive,"anger, irritability or frustration; disgust",moral or character flaw,,stereotype language
stig_0182,ann_3,batch2,yes,,expressed/enacted,public; structural,cognitive,,dangerousness,,stereotype language
stig_0182,ann_4,batch2,yes,,,,,,,,other
stig_0183,ann_1,batch2,yes,,expressed/enacted,self,,,,,
stig_0183,ann_3,batch2,no,,,,,,,,
stig_0183,ann_4,batch2,no,,,,,,,,
stig_0184,ann_1,batch4,no,10,,,,,,,
stig_0184,ann_2,batch4,yes,1,expressed/enacted,public,cognitive,,uncontrollable,,
stig_0184,ann_4,batch4,no,9,,,,,,,
stig_0185,ann_1,batch3,yes,10,perceived/experienced,public,cognitive,,incompetence,,
stig_0185,ann_2,batch3,yes,8,perceived/experienced,public; structural,cognitive,,incompetence; uncontrollable,,
stig_0185,ann_4,batch3,yes,5,expressed/enacted,public,cognitive,,incompetence; moral or character flaw,,
stig_0186,ann_1,batch2,no,,,,,,,,
stig_0186,ann_3,batch2,no,,,,,,,,
stig_0186,ann_4,batch2,no,,,,,,,,
stig_0187,ann_1,batch2,no,,,,,,,,
stig_0187,ann_3,batch2,no,,,,,,,,
stig_0187,ann_4,batch2,no,,,,,,,,
stig_0188,ann_1,batch2,yes,,expressed/enacted,public,cognitive,,uncontrollable,,
stig_0188,ann_3,batch2,no,,,,,,,,
stig_0188,ann_4,batch2,no,,,,,,,,
stig_0189,ann_1,batch4,no,10,,,,,,,
stig_0189,ann_2,batch4,no,5,,,,,,,
stig_0189,ann_4,batch4,no,8,,,,,,,
stig_0190,ann_1,batch2,yes,,expressed/enacted,public,affective,"anger, irritability or frustration; disgust; pity",,,
stig_0190,ann_3,batch2,no,,,,,,,,
stig_0190,ann_4,batch2,no,,,,,,,,
stig_0191,ann_1,batch3,yes,10,expressed/enacted,public,cognitive,,trivialisation or minimisation,,
stig_0191,ann_2,batch3,yes,9,expressed/enacted,public,cognitive,,incompetence; uncontrollable,,
stig_0191,ann_4,batch3,no,7,,,,,,,
stig_0192,ann_2,batch4,yes,7,expressed/enacted,public,cognitive,,incompetence,,
stig_0192,ann_4,batch4,yes,8,expressed/enacted,structural,,,,,
stig_0193,ann_2,batch4,no,5,,,,,,,
stig_0193,ann_4,batch4,no,9,,,,,,,
stig_0194,ann_1,batch3,yes,7,expressed/enacted,public,cognitive,,immutability,,
stig_0194,ann_2,batch3,no,8,,,,,,,
stig_0194,ann_4,batch3,yes,5,expressed/enacted,public,cognitive,,dangerousness,,
stig_0195,ann_1,batch3,yes,8,perceived/experienced,self,,,,,
stig_0195,ann_2,batch3,yes,8,perceived/experienced,self; structural,,,,,
stig_0195,ann_4,batch3,yes,6,perceived/experienced,public,behavioural,,,other,
stig_0196,ann_1,batch2,yes,,perceived/experienced,self,,,,,
stig_0196,ann_3,batch2,yes,,expressed/enacted,self,,,,,stereotype language
stig_0196,ann_4,batch2,no,,,,,,,,
stig_0197,ann_2,batch4,no,7,,,,,,,
stig_0197,ann_4,batch4,no,9,,,,,,,
stig_0198,ann_1,batch2,no,,,,,,,,
stig_0198,ann_3,batch2,yes,,expressed/enacted,public; self,cognitive,,uncontrollable,,direct pejoratives
stig_0198,ann_4,batch2,yes,,,,,,,,direct pejoratives
stig_0199,ann_2,batch4,no,4,,,,,,,
stig_0199,ann_4,batch4,no,9,,,,,,,
stig_0200,ann_1,batch2,no,,,,,,,,
stig_0200,ann_3,batch2,no,,,,,,,,
stig_0200,ann_4,batch2,no,,,,,,,,
stig_0201,ann_1,batch3,no,10,,,,,,,
stig_0201,ann_2,batch3,yes,6,expressed/enacted,structural,,,,,
stig_0201,ann_4,batch3,no,7,,,,,,,
stig_0202,ann_1,batch3,no,0,,,,,,,
stig_0202,ann_2,batch3,yes,4,perceived/experienced,public,affective; behavioural; cognitive,disgust,pity/condescension,other,
stig_0202,ann_4,batch3,yes,5,expressed/enacted,public,behavioural; cognitive,,pity/condescension,other,
stig_0203,ann_1,batch3,no,10,,,,,,,
stig_0203,ann_2,batch3,no,4,,,,,,,
stig_0203,ann_4,batch3,no,7,,,,,,,
stig_0204,ann_1,batch3,no,10,,,,,,,
stig_0204,ann_2,batch3,no,9,,,,,,,
stig_0204,ann_4,batch3,yes,6,expressed/enacted,public,cognitive,,controllable; moral or character flaw,,
stig_0205,ann_1,batch2,no,,,,,,,,
stig_0205,ann_3,batch2,no,,,,,,,,
stig_0205,ann_4,batch2,no,,,,,,,,
stig_0206,ann_2,batch4,no,4,,,,,,,
stig_0206,ann_4,batch4,no,9,,,,,,,
stig_0207,ann_1,batch2,no,,,,,,,,
stig_0207,ann_3,batch2,no,,,,,,,,
stig_0207,ann_4,batch2,no,,,,,,,,
stig_0208,ann_1,batch2,no,,,,,,,,
stig_0208,ann_3,batch2,no,,,,,,,,
stig_0208,ann_4,batch2,no,,,,,,,,
stig_0209,ann_2,batch4,no,3,,,,,,,
stig_0209,ann_4,batch4,no,9,,,,,,,
stig_0210,ann_1,batch3,no,7,,,,,,,
stig_0210,ann_2,batch3,yes,7,expressed/enacted,public,cognitive,,dangerousness; moral or character flaw; trivialisation or minimisation,,
stig_0210,ann_4,batch3,no,7,,,,,,,
stig_0211,ann_2,batch4,no,5,,,,,,,
stig_0211,ann_4,batch4,no,9,,,,,,,
stig_0212,ann_2,batch4,no,7,,,,,,,
stig_0212,ann_4,batch4,no,9,,,,,,,
stig_0213,ann_2,batch4,no,7,,,,,,,
stig_0213,ann_4,batch4,no,10,,,,,,,
stig_0214,ann_2,batch4,no,5,,,,,,,
stig_0214,ann_4,batch4,no,9,,,,,,,
stig_0215,ann_1,batch2,no,,,,,,,,
stig_0215,ann_3,batch2,no,,,,,,,,
stig_0215,ann_4,batch2,no,,,,,,,,
stig_0216,ann_1,batch3,no,10,,,,,,,
stig_0216,ann_2,batch3,yes,1,perceived/experienced,public,affective; cognitive,"anger, irritability or frustration",controllable; incompetence; moral or character flaw; trivialisation or minimisation,,
stig_0216,ann_4,batch3,yes,6,expressed/enacted,public,cognitive,,trivialisation or minimisation,,
stig_0217,ann_1,batch3,yes,9,expressed/enacted,public,cognitive,,trivialisation or minimisation,,
stig_0217,ann_2,batch3,yes,6,expressed/enacted,public,cognitive,,incompetence,,
stig_0217,ann_4,batch3,no,7,,,,,,,
stig_0218,ann_1,batch3,yes,6,perceived/experienced,public; self,affective; behavioural; cognitive,fear; other,dangerousness; uncontrollable,social distancing,
stig_0218,ann_2,batch3,no,0,,,,,,,
stig_0218,ann_4,batch3,no,7,,,,,,,
stig_0219,ann_2,batch4,no,8,,,,,,,
stig_0219,ann_4,batch4,no,9,,,,,,,
stig_0220,ann_2,batch4,no,7,,,,,,,
stig_0220,ann_4,batch4,no,8,,,,,,,
stig_0221,ann_1,batch3,no,10,,,,,,,
stig_0221,ann_2,batch3,no,8,,,,,,,
stig_0221,ann_4,batch3,no,7,,,,,,,
stig_0222,ann_1,batch2,no,,,,,,,,
stig_0222,ann_3,batch2,no,,,,,,,,
stig_0222,ann_4,batch2,no,,,,,,,,
stig_0223,ann_1,batch3,no,5,,,,,,,
stig_0223,ann_2,batch3,yes,4,expressed/enacted,structural,,,,,
stig_0223,ann_4,batch3,no,7,,,,,,,
stig_0224,ann_1,batch3,no,9,,,,,,,
stig_0224,ann_2,batch3,yes,4,perceived/experienced,public; structural,cognitive,,dangerousness; immutability; uncontrollable,,
stig_0224,ann_4,batch3,no,6,,,,,,,
stig_0225,ann_2,batch4,no,5,,,,,,,
stig_0225,ann_4,batch4,no,9,,,,,,,
stig_0226,ann_1,batch2,yes,,expressed/enacted,public,cognitive,,moral or character flaw,,
stig_0226,ann_3,batch2,no,,,,,,,,
stig_0226,ann_4,batch2,no,,,,,,,,
stig_0227,ann_1,batch2,no,,,,,,,,
stig_0227,ann_3,batch2,no,,,,,,,,
stig_0227,ann_4,batch2,no,,,,,,,,
stig_0228,ann_1,batch3,yes,7,expressed/enacted,public,cognitive,,immutability; moral or character flaw; pity/condescension; uncontrollable,,
stig_0228,ann_2,batch3,yes,10,expressed/enacted,public,cognitive,,immutability; incompetence; pity/condescension; segregation endorsement,,
stig_0228,ann_4,batch3,yes,7,expressed/enacted,public,behavioural; cognitive,,immutability; pity/condescension,other,
stig_0229,ann_1,batch3,no,8,,,,,,,
stig_0229,ann_2,batch3,no,6,,,,,,,
stig_0229,ann_4,batch3,no,7,,,,,,,
stig_0230,ann_1,batch3,no,5,,,,,,,
stig_0230,ann_2,batch3,yes,8,expressed/enacted,public,cognitive,,immutability,,
stig_0230,ann_4,batch3,no,9,,,,,,,
stig_0231,ann_1,batch2,yes,,perceived/experienced,self,,,,,
stig_0231,ann_3,batch2,no,,,,,,,,
stig_0231,ann_4,batch2,no,,,,,,,,
stig_0232,ann_2,batch4,no,4,,,,,,,
stig_0232,ann_4,batch4,no,6,,,,,,,
stig_0233,ann_1,batch2,yes,,expressed/enacted; perceived/experienced,public,cognitive,,incompetence,,stereotype language
stig_0233,ann_3,batch2,no,,,,,,,,
stig_0233,ann_4,batch2,no,,,,,,,,
stig_0234,ann_1,batch2,yes,,expressed/enacted,public,cognitive,,trivialisation or minimisation,,
stig_0234,ann_3,batch2,no,,,,,,,,
stig_0234,ann_4,batch2,no,,,,,,,,
stig_0235,ann_1,batch2,no,,,,,,,,
stig_0235,ann_3,batch2,no,,,,,,,,
stig_0235,ann_4,batch2,no,,,,,,,,
stig_0236,ann_1,batch3,no,10,,,,,,,
stig_0236,ann_2,batch3,yes,8,expressed/enacted,public,cognitive,,coercion; dangerousness; moral or character flaw,,
stig_0236,ann_4,batch3,no,6,,,,,,,
stig_0237,ann_2,batch4,no,4,,,,,,,
stig_0237,ann_4,batch4,no,9,,,,,,,
stig_0238,ann_1,batch2,yes,,expressed/enacted,public,cognitive,,moral or character flaw,,stereotype language
stig_0238,ann_3,batch2,yes,,expressed/enacted,public,cognitive,,uncontrollable,,direct pejoratives; stereotype language
stig_0238,ann_4,batch2,yes,,expressed/enacted,self,,,,,direct pejoratives
stig_0239,ann_1,batch3,yes,9,expressed/enacted,self,,,,,
stig_0239,ann_2,batch3,yes,6,perceived/experienced,self,,,,,
stig_0239,ann_4,batch3,no,7,,,,,,,
stig_0240,ann_1,batch3,no,10,,,,,,,
stig_0240,ann_2,batch3,yes,5,expressed/enacted; perceived/experienced,public; self,affective; cognitive,"anger, irritability or frustration",contamination; segregation endorsement,,
stig_0240,ann_4,batch3,yes,6,perceived/experienced,self,,,,,
stig_0241,ann_2,batch4,no,5,,,,,,,
stig_0241,ann_4,batch4,no,9,,,,,,,
stig_0242,ann_2,batch4,no,3,,,,,,,
stig_0242,ann_4,batch4,no,7,,,,,,,
stig_0243,ann_1,batch3,no,7,,,,,,,
stig_0243,ann_2,batch3,no,4,,,,,,,
stig_0243,ann_4,batch3,no,6,,,,,,,
stig_0244,ann_2,batch4,no,6,,,,,,,
stig_0244,ann_4,batch4,no,10,,,,,,,
stig_0245,ann_1,batch3,no,7,,,,,,,
stig_0245,ann_2,batch3,no,5,,,,,,,
stig_0245,ann_4,batch3,no,7,,,,,,,
stig_0246,ann_1,batch3,no,10,,,,,,,
stig_0246,ann_2,batch3,yes,7,perceived/experienced,structural,,,,,
stig_0246,ann_4,batch3,no,8,,,,,,,
stig_0247,ann_1,batch2,no,,,,,,,,
stig_0247,ann_3,batch2,no,,,,,,,,
stig_0247,ann_4,batch2,no,,,,,,,,
stig_0248,ann_4,batch1,no,,,,,,,,
stig_0249,ann_2,batch4,no,3,,,,,,,
stig_0249,ann_4,batch4,no,9,,,,,,,
stig_0250,ann_1,batch3,yes,1,expressed/enacted,public,cognitive,,trivialisation or minimisation,,
stig_0250,ann_2,batch3,yes,8,expressed/enacted,public,cognitive,,trivialisation or minimisation,,
stig_0250,ann_4,batch3,yes,5,expressed/enacted,public,cognitive,,trivialisation or minimisation,,
stig_0251,ann_2,batch4,no,6,,,,,,,
stig_0251,ann_4,batch4,no,5,,,,,,,
stig_0252,ann_4,batch1,no,,,,,,,,
stig_0253,ann_2,batch4,no,1,,,,,,,
stig_0253,ann_4,batch4,no,9,,,,,,,
stig_0254,ann_2,batch4,no,1,,,,,,,
stig_0254,ann_4,batch4,no,9,,,,,,,
stig_0255,ann_1,batch3,no,8,,,,,,,
stig_0255,ann_2,batch3,no,5,,,,,,,
stig_0255,ann_4,batch3,no,8,,,,,,,
stig_0256,ann_1,batch3,no,10,,,,,,,
stig_0256,ann_2,batch3,yes,5,perceived/experienced,public,behavioural; cognitive,,controllable; trivialisation or minimisation,other,
stig_0256,ann_4,batch3,no,7,,,,,,,
stig_0257,ann_2,batch4,yes,9,expressed/enacted; perceived/experienced,self,,,,,
stig_0257,ann_4,batch4,yes,6,expressed/enacted; perceived/experienced,self,,,,,
stig_0258,ann_1,batch2,no,,,,,,,,
stig_0258,ann_3,batch2,no,,,,,,,,
stig_0258,ann_4,batch2,no,,,,,,,,
stig_0259,ann_1,batch3,no,9,,,,,,,
stig_0259,ann_2,batch3,yes,4,expressed/enacted,public,cognitive,,other; uncontrollable,,
stig_0259,ann_4,batch3,no,7,,,,,,,
stig_0260,ann_1,batch2,no,,,,,,,,
stig_0260,ann_3,batch2,no,,,,,,,,
stig_0260,ann_4,batch2,no,,,,,,,,
stig_0261,ann_4,batch1,no,,,,,,,,
stig_0262,ann_2,batch4,no,5,,,,,,,
stig_0262,ann_4,batch4,no,8,,,,,,,
stig_0263,ann_2,batch4,no,2,,,,,,,
stig_0263,ann_4,batch4,no,8,,,,,,,
stig_0264,ann_2,batch4,no,7,,,,,,,
stig_0264,ann_4,batch4,no,9,,,,,,,
stig_0265,ann_2,batch4,no,7,,,,,,,
stig_0265,ann_4,batch4,no,8,,,,,,,
stig_0266,ann_1,batch3,no,10,,,,,,,
stig_0266,ann_2,batch3,yes,5,expressed/enacted,public,cognitive,,immutability; incompetence; pity/condescension; uncontrollable,,
stig_0266,ann_4,batch3,yes,5,expressed/enacted,public,cognitive,,pity/condescension,,
stig_0267,ann_2,batch4,no,6,,,,,,,
stig_0267,ann_4,batch4,no,9,,,,,,,
stig_0268,ann_1,batch4,yes,10,perceived/experienced,public,cognitive,,moral or character flaw; personal responsibility and blame,,
stig_0268,ann_2,batch4,no,4,,,,,,,
stig_0268,ann_4,batch4,yes,6,expressed/enacted; perceived/experienced,self,,,,,
stig_0269,ann_1,batch4,no,10,,,,,,,
stig_0269,ann_2,batch4,no,6,,,,,,,
stig_0269,ann_4,batch4,no,7,,,,,,,
stig_0270,ann_4,batch1,no,,,,,,,,
stig_0271,ann_1,batch3,no,10,,,,,,,
stig_0271,ann_2,batch3,yes,3,expressed/enacted,structural,,,,,
stig_0271,ann_4,batch3,no,8,,,,,,,
stig_0272,ann_1,batch2,no,,,,,,,,
stig_0272,ann_3,batch2,yes,,expressed/enacted,public,cognitive,,,,dehumanising language
stig_0272,ann_4,batch2,no,,,,,,,,
stig_0273,ann_1,batch2,no,,,,,,,,
stig_0273,ann_3,batch2,no,,,,,,,,
stig_0273,ann_4,batch2,no,,,,,,,,
stig_0274,ann_2,batch4,no,2,,,,,,,
stig_0274,ann_4,batch4,yes,6,expressed/enacted,public,behavioural,,,other,
stig_0275,ann_1,batch3,yes,10,expressed/enacted,public,cognitive,,immutability; moral or character flaw; personal responsibility and blame; trivialisation or minimisation,,
stig_0275,ann_2,batch3,yes,2,expressed/enacted,public,behavioural; cognitive,,incompetence,,
stig_0275,ann_4,batch3,no,8,,,,,,,
stig_0276,ann_2,batch4,no,2,,,,,,,
stig_0276,ann_4,batch4,no,9,,,,,,,
stig_0277,ann_1,batch2,yes,,expressed/enacted,public,cognitive,,trivialisation or minimisation,,stereotype language
stig_0277,ann_3,batch2,no,,,,,,,,
stig_0277,ann_4,batch2,no,,,,,,,,
stig_0278,ann_2,batch4,no,3,,,,,,,
stig_0278,ann_4,batch4,no,9,,,,,,,
stig_0279,ann_1,batch3,yes,10,expressed/enacted,public; self,cognitive,,segregation endorsement; uncontrollable,,
stig_0279,ann_2,batch3,yes,8,perceived/experienced,public; self,affective; cognitive,"anger, irritability or frustration",controllable; personal responsibility and blame; trivialisation or minimisation,,
stig_0279,ann_4,batch3,yes,5,perceived/experienced,self,,,,,
stig_0280,ann_1,batch3,no,10,,,,,,,
stig_0280,ann_2,batch3,no,7,,,,,,,
stig_0280,ann_4,batch3,no,8,,,,,,,
stig_0281,ann_1,batch3,no,8,,,,,,,
stig_0281,ann_2,batch3,yes,8,expressed/enacted; perceived/experienced,public,cognitive,,moral or character flaw; personal responsibility and blame; uncontrollable,,
stig_0281,ann_4,batch3,yes,6,perceived/experienced,public,cognitive,,controllable; moral or character flaw,,
stig_0282,ann_1,batch3,yes,8,expressed/enacted,public,cognitive,,immutability,,
stig_0282,ann_2,batch3,yes,6,expressed/enacted,public,cognitive,,pity/condescension; uncontrollable,,
stig_0282,ann_4,batch3,no,5,,,,,,,
stig_0283,ann_2,batch4,no,5,,,,,,,
stig_0283,ann_4,batch4,no,8,,,,,,,
stig_0284,ann_2,batch4,no,6,,,,,,,
stig_0284,ann_4,batch4,no,8,,,,,,,
stig_0285,ann_4,batch1,no,,,,,,,,
stig_0286,ann_1,batch2,no,,,,,,,,
stig_0286,ann_3,batch2,yes,,expressed/enacted,public,affective; behavioural; cognitive,,dangerousness; incompetence; moral or character flaw,social distancing,stereotype language
stig_0286,ann_4,batch2,no,,,,,,,,
stig_0287,ann_1,batch2,no,,,,,,,,
stig_0287,ann_3,batch2,no,,,,,,,,
stig_0287,ann_4,batch2,no,,,,,,,,
stig_0288,ann_2,batch4,yes,2,expressed/enacted; perceived/experienced,self,,,,,
stig_0288,ann_4,batch4,yes,5,expressed/enacted; perceived/experienced,self,,,,,
stig_0289,ann_1,batch3,no,10,,,,,,,
stig_0289,ann_2,batch3,no,8,,,,,,,
stig_0289,ann_4,batch3,no,7,,,,,,,
stig_0290,ann_4,batch1,no,,,,,,,,
stig_0291,ann_1,batch3,yes,5,expressed/enacted,public,cognitive,,moral or character flaw; personal responsibility and blame; uncontrollable,,
stig_0291,ann_2,batch3,no,7,,,,,,,
stig_0291,ann_4,batch3,no,7,,,,,,,
stig_0292,ann_1,batch3,no,10,,,,,,,
stig_0292,ann_2,batch3,no,7,,,,,,,
stig_0292,ann_4,batch3,no,7,,,,,,,
stig_0293,ann_2,batch4,no,7,,,,,,,
stig_0293,ann_4,batch4,no,9,,,,,,,
stig_0294,ann_1,batch4,no,10,,,,,,,
stig_0294,ann_2,batch4,no,5,,,,,,,
stig_0294,ann_4,batch4,no,8,,,,,,,
stig_0295,ann_1,batch2,no,,,,,,,,
stig_0295,ann_3,batch2,no,,,,,,,,
stig_0295,ann_4,batch2,no,,,,,,,,
stig_0296,ann_2,batch4,yes,5,expressed/enacted,public,cognitive,,dangerousness; uncontrollable,,
stig_0296,ann_4,batch4,no,9,,,,,,,
stig_0297,ann_2,batch4,no,7,,,,,,,
stig_0297,ann_4,batch4,no,9,,,,,,,
stig_0298,ann_1,batch2,no,,,,,,,,
stig_0298,ann_3,batch2,no,,,,,,,,
stig_0298,ann_4,batch2,no,,,,,,,,
stig_0299,ann_1,batch2,no,,,,,,,,
stig_0299,ann_3,batch2,no,,,,,,,,
stig_0299,ann_4,batch2,no,,,,,,,,
stig_0300,ann_1,batch3,yes,10,expressed/enacted,self,,,,,
stig_0300,ann_2,batch3,yes,9,perceived/experienced,self,,,,,
stig_0300,ann_4,batch3,yes,5,expressed/enacted,self,,,,,
stig_0301,ann_2,batch4,no,7,,,,,,,
stig_0301,ann_4,batch4,no,9,,,,,,,
stig_0302,ann_1,batch3,no,9,,,,,,,
stig_0302,ann_2,batch3,yes,5,expressed/enacted,public,cognitive,,dangerousness; uncontrollable,,
stig_0302,ann_4,batch3,no,8,,,,,,,
stig_0303,ann_1,batch3,no,10,,,,,,,
stig_0303,ann_2,batch3,no,5,,,,,,,
stig_0303,ann_4,batch3,no,7,,,,,,,
stig_0304,ann_4,batch1,no,,,,,,,,
stig_0305,ann_2,batch4,no,5,,,,,,,
stig_0305,ann_4,batch4,no,8,,,,,,,
stig_0306,ann_1,batch3,no,10,,,,,,,
stig_0306,ann_2,batch3,yes,4,perceived/experienced,self,,,,,
stig_0306,ann_4,batch3,yes,5,expressed/enacted,self,,,,,
stig_0307,ann_1,batch3,no,6,,,,,,,
stig_0307,ann_2,batch3,yes,3,expressed/enacted,public,cognitive,,trivialisation or minimisation,,
stig_0307,ann_4,batch3,no,5,,,,,,,
stig_0308,ann_1,batch2,yes,,expressed/enacted,public,cognitive,,moral or character flaw; uncontrollable,,metaphor via terminology
stig_0308,ann_3,batch2,yes,,expressed/enacted,public,cognitive,,incompetence,,metaphor via terminology
stig_0308,ann_4,batch2,yes,,,,,,,,metaphor via terminology
stig_0309,ann_1,batch3,no,8,,,,,,,
stig_0309,ann_2,batch3,yes,7,expressed/enacted,public; structural,cognitive,,dangerousness,,
stig_0309,ann_4,batch3,no,6,,,,,,,
stig_0310,ann_1,batch3,no,5,,,,,,,
stig_0310,ann_2,batch3,no,2,,,,,,,
stig_0310,ann_4,batch3,no,7,,,,,,,
stig_0311,ann_1,batch3,no,10,,,,,,,
stig_0311,ann_2,batch3,yes,8,perceived/experienced,structural,,,,,
stig_0311,ann_4,batch3,no,5,,,,,,,
stig_0312,ann_1,batch2,no,,,,,,,,
stig_0312,ann_3,batch2,no,,,,,,,,
stig_0312,ann_4,batch2,no,,,,,,,,
stig_0313,ann_4,batch1,yes,,expressed/enacted,public,affective,"anger, irritability or frustration",,,
stig_0314,ann_2,batch4,yes,5,expressed/enacted; perceived/experienced,self,,,,,
stig_0314,ann_4,batch4,yes,7,expressed/enacted; perceived/experienced,self,,,,,
stig_0315,ann_1,batch4,no,9,,,,,,,
stig_0315,ann_2,batch4,no,7,,,,,,,
stig_0315,ann_4,batch4,no,9,,,,,,,
stig_0316,ann_1,batch2,yes,,expressed/enacted,public,cognitive,,incompetence; moral or character flaw,,
stig_0316,ann_3,batch2,no,,,,,,,,
stig_0316,ann_4,batch2,no,,,,,,,,
stig_0317,ann_1,batch3,no,10,,,,,,,
stig_0317,ann_2,batch3,yes,7,expressed/enacted,structural,,,,,
stig_0317,ann_4,batch3,no,8,,,,,,,
stig_0318,ann_1,batch3,yes,6,expressed/enacted,public,cognitive,,moral or character flaw; uncontrollable,,
stig_0318,ann_2,batch3,yes,7,expressed/enacted,public,cognitive,,dangerousness; uncontrollable,,
stig_0318,ann_4,batch3,yes,5,expressed/enacted,public,cognitive,,other,,
stig_0319,ann_2,batch4,no,5,,,,,,,
stig_0319,ann_4,batch4,no,6,,,,,,,
stig_0320,ann_1,batch4,no,10,,,,,,,
stig_0320,ann_2,batch4,yes,5,expressed/enacted; perceived/experienced,public; self,cognitive,,moral or character flaw,,
stig_0320,ann_4,batch4,no,5,,,,,,,
stig_0321,ann_1,batch3,no,10,,,,,,,
stig_0321,ann_2,batch3,yes,7,perceived/experienced,structural,,,,,
stig_0321,ann_4,batch3,yes,5,expressed/enacted,structural,,,,,
stig_0322,ann_2,batch4,no,6,,,,,,,
stig_0322,ann_4,batch4,no,8,,,,,,,
stig_0323,ann_1,batch2,yes,,perceived/experienced,self,,,,,
stig_0323,ann_3,batch2,no,,,,,,,,
stig_0323,ann_4,batch2,no,,,,,,,,
stig_0324,ann_1,batch3,no,10,,,,,,,
stig_0324,ann_2,batch3,yes,8,perceived/experienced,public; structural,behavioural; cognitive,,other; segregation endorsement; trivialisation or minimisation,social distancing,
stig_0324,ann_4,batch3,no,5,,,,,,,
stig_0325,ann_1,batch3,no,8,,,,,,,
stig_0325,ann_2,batch3,no,4,,,,,,,
stig_0325,ann_4,batch3,no,8,,,,,,,
stig_0326,ann_1,batch2,no,,,,,,,,
stig_0326,ann_3,batch2,no,,,,,,,,
stig_0326,ann_4,batch2,no,,,,,,,,
stig_0327,ann_1,batch3,no,8,,,,,,,
stig_0327,ann_2,batch3,no,3,,,,,,,
stig_0327,ann_4,batch3,no,7,,,,,,,
stig_0328,ann_1,batch3,no,10,,,,,,,
stig_0328,ann_2,batch3,no,5,,,,,,,
stig_0328,ann_4,batch3,no,7,,,,,,,
stig_0329,ann_1,batch2,yes,,expressed/enacted; perceived/experienced,public; self,affective; cognitive,"ambivalence; anger, irritability or frustration",moral or character flaw; pity/condescension; trivialisation or minimisation; uncontrollable,,
stig_0329,ann_3,batch2,no,,,,,,,,
stig_0329,ann_4,batch2,no,,,,,,,,
stig_0330,ann_1,batch3,yes,7,expressed/enacted,self,,,,,
stig_0330,ann_2,batch3,yes,7,perceived/experienced,public; self,cognitive,,personal responsibility and blame,,
stig_0330,ann_4,batch3,no,6,,,,,,,
stig_0331,ann_1,batch3,no,10,,,,,,,
stig_0331,ann_2,batch3,no,8,,,,,,,
stig_0331,ann_4,batch3,no,7,,,,,,,
stig_0332,ann_1,batch4,no,8,,,,,,,
stig_0332,ann_2,batch4,yes,3,expressed/enacted,public,cognitive,,moral or character flaw,,
stig_0332,ann_4,batch4,no,9,,,,,,,
stig_0333,ann_1,batch2,no,,,,,,,,
stig_0333,ann_3,batch2,no,,,,,,,,
stig_0333,ann_4,batch2,no,,,,,,,,
stig_0334,ann_1,batch2,no,,,,,,,,
stig_0334,ann_3,batch2,no,,,,,,,,
stig_0334,ann_4,batch2,no,,,,,,,,
stig_0335,ann_1,batch3,yes,7,perceived/experienced,public,cognitive,,moral or character flaw; uncontrollable,,
stig_0335,ann_2,batch3,yes,6,expressed/enacted,public; structural,cognitive,,uncontrollable,,
stig_0335,ann_4,batch3,yes,5,expressed/enacted,public,behavioural,,,other,
stig_0336,ann_2,batch4,no,5,,,,,,,
stig_0336,ann_4,batch4,no,8,,,,,,,
stig_0337,ann_1,batch2,yes,,expressed/enacted; perceived/experienced,self,,,,,stereotype language
stig_0337,ann_3,batch2,no,,,,,,,,
stig_0337,ann_4,batch2,yes,,,,,,,,other
stig_0338,ann_1,batch2,no,,,,,,,,
stig_0338,ann_3,batch2,no,,,,,,,,
stig_0338,ann_4,batch2,no,,,,,,,,
stig_0339,ann_1,batch3,yes,7,expressed/enacted,public,cognitive,,trivialisation or minimisation,,
stig_0339,ann_2,batch3,yes,7,expressed/enacted,public,cognitive,,pity/condescension,,
stig_0339,ann_4,batch3,no,5,,,,,,,
stig_0340,ann_1,batch2,no,,,,,,,,
stig_0340,ann_3,batch2,no,,,,,,,,
stig_0340,ann_4,batch2,no,,,,,,,,
stig_0341,ann_1,batch4,no,8,,,,,,,
stig_0341,ann_2,batch4,no,2,,,,,,,
stig_0341,ann_4,batch4,yes,5,expressed/enacted,public,cognitive,,dangerousness,,
stig_0342,ann_2,batch4,no,4,,,,,,,
stig_0342,ann_4,batch4,no,9,,,,,,,
stig_0343,ann_1,batch2,no,,,,,,,,
stig_0343,ann_3,batch2,no,,,,,,,,
stig_0343,ann_4,batch2,no,,,,,,,,
stig_0344,ann_2,batch4,no,3,,,,,,,
stig_0344,ann_4,batch4,no,9,,,,,,,
stig_0345,ann_2,batch4,no,5,,,,,,,
stig_0345,ann_4,batch4,no,9,,,,,,,
stig_0346,ann_1,batch2,no,,,,,,,,
stig_0346,ann_3,batch2,no,,,,,,,,
stig_0346,ann_4,batch2,no,,,,,,,,
stig_0347,ann_1,batch3,yes,10,expressed/enacted,associative; public,cognitive,,immutability; moral or character flaw; uncontrollable,,
stig_0347,ann_2,batch3,yes,7,expressed/enacted,public,cognitive,,immutability; incompetence; pity/condescension; segregation endorsement,,
stig_0347,ann_4,batch3,yes,6,expressed/enacted,public,cognitive,,immutability; incompetence; other,,
stig_0348,ann_2,batch4,no,5,,,,,,,
stig_0348,ann_4,batch4,no,9,,,,,,,
stig_0349,ann_1,batch3,no,8,,,,,,,
stig_0349,ann_2,batch3,yes,8,perceived/experienced,self,,,,,
stig_0349,ann_4,batch3,no,7,,,,,,,
stig_0350,ann_1,batch2,yes,,expressed/enacted,public,behavioural; cognitive,,segregation endorsement,social distancing,
stig_0350,ann_3,batch2,no,,,,,,,,
stig_0350,ann_4,batch2,no,,,,,,,,
stig_0351,ann_2,batch4,no,1,,,,,,,
stig_0351,ann_4,batch4,no,7,,,,,,,
stig_0352,ann_2,batch4,no,5,,,,,,,
stig_0352,ann_4,batch4,no,8,,,,,,,
stig_0353,ann_1,batch3,yes,10,expressed/enacted,public,cognitive,,dangerousness; immutability; moral or character flaw; personal responsibility and blame; uncontrollable,,
stig_0353,ann_2,batch3,yes,8,expressed/enacted,public,cognitive,,incompetence; moral or character flaw; uncontrollable,,
stig_0353,ann_4,batch3,no,6,,,,,,,
stig_0354,ann_1,batch3,yes,10,expressed/enacted,public,affective; cognitive,pity,incompetence; moral or character flaw,,
stig_0354,ann_2,batch3,yes,6,perceived/experienced,public,cognitive,,pity/condescension; trivialisation or minimisation,,
stig_0354,ann_4,batch3,no,6,,,,,,,
stig_0355,ann_2,batch4,no,7,,,,,,,
stig_0355,ann_4,batch4,no,8,,,,,,,
stig_0356,ann_1,batch4,no,10,,,,,,,
stig_0356,ann_2,batch4,no,6,,,,,,,
stig_0356,ann_4,batch4,no,9,,,,,,,
stig_0357,ann_2,batch4,no,8,,,,,,,
stig_0357,ann_4,batch4,no,9,,,,,,,
stig_0358,ann_2,batch4,no,7,,,,,,,
stig_0358,ann_4,batch4,no,9,,,,,,,
stig_0359,ann_2,batch4,no,7,,,,,,,
stig_0359,ann_4,batch4,no,8,,,,,,,
stig_0360,ann_2,batch4,no,2,,,,,,,
stig_0360,ann_4,batch4,no,9,,,,,,,
stig_0361,ann_1,batch2,no,,,,,,,,
stig_0361,ann_3,batch2,no,,,,,,,,
stig_0361,ann_4,batch2,yes,,perceived/experienced,self,,,,,
stig_0362,ann_1,batch3,no,10,,,,,,,
stig_0362,ann_2,batch3,yes,6,expressed/enacted,public,cognitive,,dangerousness; moral or character flaw,,
stig_0362,ann_4,batch3,yes,6,expressed/enacted,public,cognitive,,moral or character flaw,,
stig_0363,ann_1,batch2,yes,,expressed/enacted,public,affective; cognitive,disgust; pity,moral or character flaw,,
stig_0363,ann_3,batch2,yes,,expressed/enacted,public,cognitive,,moral or character flaw,,
stig_0363,ann_4,batch2,no,,,,,,,,
stig_0364,ann_1,batch3,yes,3,expressed/enacted,public,cognitive,,pity/condescension; uncontrollable,,
stig_0364,ann_2,batch3,yes,8,expressed/enacted,public,cognitive,,incompetence; pity/condescension,,
stig_0364,ann_4,batch3,no,6,,,,,,,
stig_0365,ann_1,batch3,no,10,,,,,,,
stig_0365,ann_2,batch3,no,6,,,,,,,
stig_0365,ann_4,batch3,no,8,,,,,,,
stig_0366,ann_1,batch2,no,,,,,,,,
stig_0366,ann_3,batch2,no,,,,,,,,
stig_0366,ann_4,batch2,no,,,,,,,,
stig_0367,ann_2,batch4,yes,5,perceived/experienced,public,behavioural,,,other,
stig_0367,ann_4,batch4,no,8,,,,,,,
stig_0368,ann_2,batch4,no,3,,,,,,,
stig_0368,ann_4,batch4,no,9,,,,,,,
stig_0369,ann_1,batch2,no,,,,,,,,
stig_0369,ann_3,batch2,no,,,,,,,,
stig_0369,ann_4,batch2,no,,,,,,,,
stig_0370,ann_2,batch4,no,6,,,,,,,
stig_0370,ann_4,batch4,no,9,,,,,,,
stig_0371,ann_1,batch4,yes,10,expressed/enacted,public,affective; cognitive,"anger, irritability or frustration",trivialisation or minimisation,,
stig_0371,ann_2,batch4,no,1,,,,,,,
stig_0371,ann_4,batch4,no,9,,,,,,,
stig_0372,ann_1,batch3,no,6,,,,,,,
stig_0372,ann_2,batch3,yes,7,expressed/enacted; perceived/experienced,public,cognitive,,immutability; incompetence; pity/condescension; trivialisation or minimisation,,
stig_0372,ann_4,batch3,no,7,,,,,,,
stig_0373,ann_1,batch3,yes,10,expressed/enacted,public; structural,affective; behavioural; cognitive,disgust,incompetence; moral or character flaw; pity/condescension; segregation endorsement,other,
stig_0373,ann_2,batch3,yes,10,expressed/enacted,public,behavioural; cognitive,,incompetence; pity/condescension; segregation endorsement,other,
stig_0373,ann_4,batch3,yes,10,expressed/enacted,public,behavioural; cognitive,,incompetence; segregation endorsement,social distancing,
stig_0374,ann_1,batch2,yes,,expressed/enacted,associative; public,affective; behavioural; cognitive,"anger, irritability or frustration; disgust",dangerousness; uncontrollable,social distancing,
stig_0374,ann_3,batch2,yes,,expressed/enacted,public,affective; behavioural; cognitive,"anger, irritability or frustration; fear",immutability; moral or character flaw,social distancing,dehumanising language
stig_0374,ann_4,batch2,no,,,,,,,,
stig_0375,ann_1,batch2,yes,,expressed/enacted,public,affective; behavioural; cognitive,"anger, irritability or frustration; disgust",segregation endorsement; trivialisation or minimisation,social distancing,
stig_0375,ann_3,batch2,no,,,,,,,,
stig_0375,ann_4,batch2,no,,,,,,,,
stig_0376,ann_2,batch4,no,1,,,,,,,
stig_0376,ann_4,batch4,no,7,,,,,,,
stig_0377,ann_2,batch4,no,6,,,,,,,
stig_0377,ann_4,batch4,no,9,,,,,,,
stig_0378,ann_2,batch4,no,2,,,,,,,
stig_0378,ann_4,batch4,no,9,,,,,,,
stig_0379,ann_1,batch3,no,10,,,,,,,
stig_0379,ann_2,batch3,no,9,,,,,,,
stig_0379,ann_4,batch3,no,9,,,,,,,
stig_0380,ann_1,batch3,no,10,,,,,,,
stig_0380,ann_2,batch3,yes,7,expressed/enacted,public,cognitive,,trivialisation or minimisation,,
stig_0380,ann_4,batch3,no,6,,,,,,,
stig_0381,ann_1,batch3,no,8,,,,,,,
stig_0381,ann_2,batch3,yes,9,perceived/experienced,public; self; structural,,,,,
stig_0381,ann_4,batch3,yes,5,perceived/experienced,public; self,cognitive,,trivialisation or minimisation,,
stig_0382,ann_1,batch3,no,8,,,,,,,
stig_0382,ann_2,batch3,yes,3,expressed/enacted; perceived/experienced,public,cognitive,,controllable; personal responsibility and blame; pity/condescension; uncontrollable,,
stig_0382,ann_4,batch3,no,5,,,,,,,
stig_0383,ann_1,batch2,no,,,,,,,,
stig_0383,ann_3,batch2,no,,,,,,,,
stig_0383,ann_4,batch2,no,,,,,,,,
stig_0384,ann_2,batch4,no,2,,,,,,,
stig_0384,ann_4,batch4,no,9,,,,,,,
stig_0385,ann_2,batch4,no,8,,,,,,,
stig_0385,ann_4,batch4,no,9,,,,,,,
stig_0386,ann_2,batch4,yes,2,expressed/enacted,public,cognitive,,pity/condescension,,
stig_0386,ann_4,batch4,no,8,,,,,,,
stig_0387,ann_1,batch2,yes,,expressed/enacted; perceived/experienced,public,cognitive,,trivialisation or minimisation,,metaphor via terminology
stig_0387,ann_3,batch2,no,,,,,,,,
stig_0387,ann_4,batch2,no,,,,,,,,
stig_0388,ann_1,batch3,no,9,,,,,,,
stig_0388,ann_2,batch3,yes,8,expressed/enacted,public,cognitive,,incompetence; pity/condescension,,
stig_0388,ann_4,batch3,no,6,,,,,,,
stig_0389,ann_1,batch2,no,,,,,,,,
stig_0389,ann_3,batch2,no,,,,,,,,
stig_0389,ann_4,batch2,no,,,,,,,,
stig_0390,ann_2,batch4,yes,2,expressed/enacted,public,cognitive,,other; uncontrollable,,
stig_0390,ann_4,batch4,no,8,,,,,,,
stig_0391,ann_2,batch4,no,7,,,,,,,
stig_0391,ann_4,batch4,no,9,,,,,,,
stig_0392,ann_1,batch3,no,10,,,,,,,
stig_0392,ann_2,batch3,no,8,,,,,,,
stig_0392,ann_4,batch3,no,8,,,,,,,
stig_0393,ann_2,batch4,no,2,,,,,,,
stig_0393,ann_4,batch4,no,9,,,,,,,
stig_0394,ann_2,batch4,yes,3,expressed/enacted; perceived/experienced,self,,,,,
stig_0394,ann_4,batch4,no,9,,,,,,,
stig_0395,ann_2,batch4,no,5,,,,,,,
stig_0395,ann_4,batch4,no,8,,,,,,,
stig_0396,ann_1,batch3,no,7,,,,,,,
stig_0396,ann_2,batch3,yes,6,expressed/enacted,public,cognitive,,controllable; dangerousness; uncontrollable,,
stig_0396,ann_4,batch3,no,7,,,,,,,
stig_0397,ann_1,batch3,no,10,,,,,,,
stig_0397,ann_2,batch3,yes,4,expressed/enacted; perceived/experienced,structural,,,,,
stig_0397,ann_4,batch3,no,7,,,,,,,
stig_0398,ann_1,batch2,yes,,perceived/experienced,self,,,,,
stig_0398,ann_3,batch2,no,,,,,,,,
stig_0398,ann_4,batch2,no,,,,,,,,
stig_0399,ann_1,batch3,no,6,,,,,,,
stig_0399,ann_2,batch3,no,2,,,,,,,
stig_0399,ann_4,batch3,no,6,,,,,,,
stig_0400,ann_1,batch2,no,,,,,,,,
stig_0400,ann_3,batch2,no,,,,,,,,
stig_0400,ann_4,batch2,no,,,,,,,,
stig_0401,ann_4,batch1,no,,,,,,,,
stig_0402,ann_4,batch1,no,,,,,,,,
stig_0403,ann_1,batch3,no,10,,,,,,,
stig_0403,ann_2,batch3,no,3,,,,,,,
stig_0403,ann_4,batch3,no,5,,,,,,,
stig_0404,ann_1,batch3,no,3,,,,,,,
stig_0404,ann_2,batch3,no,9,,,,,,,
stig_0404,ann_4,batch3,no,9,,,,,,,
stig_0405,ann_2,batch4,no,2,,,,,,,
stig_0405,ann_4,batch4,no,9,,,,,,,
stig_0406,ann_1,batch3,no,10,,,,,,,
stig_0406,ann_2,batch3,yes,8,perceived/experienced,self,,,,,
stig_0406,ann_4,batch3,yes,5,expressed/enacted,self,,,,,
stig_0407,ann_1,batch2,yes,,expressed/enacted,public,affective; cognitive,pity,uncontrollable,,
stig_0407,ann_3,batch2,yes,,expressed/enacted,public,cognitive,,immutability,,stereotype language
stig_0407,ann_4,batch2,no,,,,,,,,
stig_0408,ann_1,batch3,no,5,,,,,,,
stig_0408,ann_2,batch3,yes,3,expressed/enacted,associative; public,cognitive,,coercion,,
stig_0408,ann_4,batch3,no,6,,,,,,,
stig_0409,ann_1,batch3,no,10,,,,,,,
stig_0409,ann_2,batch3,yes,8,perceived/experienced,public,cognitive,,pity/condescension,,
stig_0409,ann_4,batch3,yes,6,perceived/experienced,public,cognitive,,pity/condescension,,
stig_0410,ann_1,batch3,no,10,,,,,,,
stig_0410,ann_2,batch3,no,3,,,,,,,
stig_0410,ann_4,batch3,no,6,,,,,,,
stig_0411,ann_1,batch2,no,,,,,,,,
stig_0411,ann_3,batch2,no,,,,,,,,
stig_0411,ann_4,batch2,no,,,,,,,,
stig_0412,ann_2,batch4,no,9,,,,,,,
stig_0412,ann_4,batch4,no,9,,,,,,,
stig_0413,ann_1,batch2,yes,,expressed/enacted,public,cognitive,,moral or character flaw; segregation endorsement,,stereotype language
stig_0413,ann_3,batch2,no,,,,,,,,
stig_0413,ann_4,batch2,no,,,,,,,,
stig_0414,ann_1,batch3,no,10,,,,,,,
stig_0414,ann_2,batch3,no,2,,,,,,,
stig_0414,ann_4,batch3,no,7,,,,,,,
stig_0415,ann_1,batch3,yes,6,expressed/enacted,public,cognitive,,trivialisation or minimisation,,
stig_0415,ann_2,batch3,no,7,,,,,,,
stig_0415,ann_4,batch3,no,7,,,,,,,
stig_0416,ann_1,batch2,yes,,expressed/enacted,public,affective; cognitive,pity,incompetence; moral or character flaw; pity/condescension,,
stig_0416,ann_3,batch2,yes,,expressed/enacted,public,affective; behavioural; cognitive,disgust; fear,dangerousness; moral or character flaw,social distancing,metaphor via terminology
stig_0416,ann_4,batch2,no,,,,,,,,
stig_0417,ann_2,batch4,yes,2,perceived/experienced,self,,,,,
stig_0417,ann_4,batch4,no,9,,,,,,,
stig_0418,ann_1,batch3,no,10,,,,,,,
stig_0418,ann_2,batch3,yes,6,expressed/enacted,public,affective,"anger, irritability or frustration",,,
stig_0418,ann_4,batch3,no,7,,,,,,,
stig_0419,ann_2,batch4,no,7,,,,,,,
stig_0419,ann_4,batch4,no,8,,,,,,,
stig_0420,ann_1,batch3,no,8,,,,,,,
stig_0420,ann_2,batch3,no,7,,,,,,,
stig_0420,ann_4,batch3,no,7,,,,,,,
stig_0421,ann_1,batch4,no,9,,,,,,,
stig_0421,ann_2,batch4,no,8,,,,,,,
stig_0421,ann_4,batch4,no,9,,,,,,,
stig_0422,ann_1,batch2,yes,,perceived/experienced,public,affective; cognitive,"anger, irritability or frustration; disgust; fear",dangerousness; moral or character flaw; uncontrollable,,direct pejoratives; stereotype language
stig_0422,ann_3,batch2,no,,,,,,,,
stig_0422,ann_4,batch2,yes,,perceived/experienced,public,affective,fear,,,
stig_0423,ann_1,batch3,yes,7,expressed/enacted; perceived/experienced,public; self,cognitive,,moral or character flaw; personal responsibility and blame,,
stig_0423,ann_2,batch3,yes,7,perceived/experienced,public,cognitive,,controllable; moral or character flaw,,
stig_0423,ann_4,batch3,yes,8,expressed/enacted,public,cognitive,,moral or character flaw,,
stig_0424,ann_1,batch3,no,8,,,,,,,
stig_0424,ann_2,batch3,no,4,,,,,,,
stig_0424,ann_4,batch3,no,8,,,,,,,
stig_0425,ann_2,batch4,yes,1,expressed/enacted,public,cognitive,,moral or character flaw,,
stig_0425,ann_4,batch4,yes,8,expressed/enacted,public,affective; cognitive,disgust,incompetence; moral or character flaw,,
stig_0426,ann_1,batch3,yes,10,perceived/experienced,associative,,,,,
stig_0426,ann_2,batch3,yes,9,perceived/experienced,associative,,,,,
stig_0426,ann_4,batch3,yes,6,perceived/experienced,associative,,,,,
stig_0427,ann_1,batch3,no,8,,,,,,,
stig_0427,ann_2,batch3,yes,3,expressed/enacted,public,cognitive,,dangerousness; moral or character flaw; uncontrollable,,
stig_0427,ann_4,batch3,no,9,,,,,,,
stig_0428,ann_1,batch2,no,,,,,,,,
stig_0428,ann_3,batch2,no,,,,,,,,
stig_0428,ann_4,batch2,no,,,,,,,,
stig_0429,ann_1,batch2,no,,,,,,,,
stig_0429,ann_3,batch2,no,,,,,,,,
stig_0429,ann_4,batch2,no,,,,,,,,
stig_0430,ann_2,batch4,yes,1,expressed/enacted,public,cognitive,,moral or character flaw,,
stig_0430,ann_4,batch4,no,8,,,,,,,
stig_0431,ann_2,batch4,no,7,,,,,,,
stig_0431,ann_4,batch4,no,9,,,,,,,
stig_0432,ann_2,batch4,no,4,,,,,,,
stig_0432,ann_4,batch4,no,9,,,,,,,
stig_0433,ann_1,batch4,no,7,,,,,,,
stig_0433,ann_2,batch4,no,5,,,,,,,
stig_0433,ann_4,batch4,no,8,,,,,,,
stig_0434,ann_4,batch1,no,,,,,,,,
stig_0435,ann_1,batch3,no,10,,,,,,,
stig_0435,ann_2,batch3,yes,3,expressed/enacted,public,cognitive,,coercion; pity/condescension; trivialisation or minimisation,,
stig_0435,ann_4,batch3,no,7,,,,,,,
stig_0436,ann_1,batch3,yes,7,expressed/enacted,public,cognitive,,immutability; uncontrollable,,
stig_0436,ann_2,batch3,yes,5,expressed/enacted,public,cognitive,,uncontrollable,,
stig_0436,ann_4,batch3,no,9,,,,,,,
stig_0437,ann_1,batch3,no,10,,,,,,,
stig_0437,ann_2,batch3,yes,4,perceived/experienced,self,,,,,
stig_0437,ann_4,batch3,yes,5,expressed/enacted,self,,,,,
stig_0438,ann_1,batch3,no,5,,,,,,,
stig_0438,ann_2,batch3,no,5,,,,,,,
stig_0438,ann_4,batch3,no,7,,,,,,,
stig_0439,ann_1,batch3,no,8,,,,,,,
stig_0439,ann_2,batch3,yes,6,perceived/experienced,self,,,,,
stig_0439,ann_4,batch3,no,7,,,,,,,
stig_0440,ann_1,batch2,no,,,,,,,,
stig_0440,ann_3,batch2,no,,,,,,,,
stig_0440,ann_4,batch2,no,,,,,,,,
stig_0441,ann_1,batch3,no,10,,,,,,,
stig_0441,ann_2,batch3,yes,7,perceived/experienced,public,cognitive,,controllable; personal responsibility and blame; trivialisation or minimisation,,
stig_0441,ann_4,batch3,yes,5,expressed/enacted,public,cognitive,,controllable; personal responsibility and blame,,
stig_0442,ann_1,batch2,no,,,,,,,,
stig_0442,ann_3,batch2,no,,,,,,,,
stig_0442,ann_4,batch2,no,,,,,,,,
stig_0443,ann_1,batch2,no,,,,,,,,
stig_0443,ann_3,batch2,no,,,,,,,,
stig_0443,ann_4,batch2,no,,,,,,,,
stig_0444,ann_1,batch2,no,,,,,,,,
stig_0444,ann_3,batch2,no,,,,,,,,
stig_0444,ann_4,batch2,no,,,,,,,,
stig_0445,ann_1,batch2,no,,,,,,,,
stig_0445,ann_3,batch2,no,,,,,,,,
stig_0445,ann_4,batch2,no,,,,,,,,
stig_0446,ann_2,batch4,no,7,,,,,,,
stig_0446,ann_4,batch4,no,9,,,,,,,
stig_0447,ann_2,batch4,no,9,,,,,,,
stig_0447,ann_4,batch4,no,8,,,,,,,
stig_0448,ann_1,batch2,yes,,perceived/experienced,public,affective; cognitive,ambivalence; disgust; fear; pity,coercion; dangerousness; moral or character flaw; pity/condescension; segregation endorsement; uncontrollable,,
stig_0448,ann_3,batch2,yes,,expressed/enacted,structural,,,,,
stig_0448,ann_4,batch2,no,,,,,,,,
stig_0449,ann_2,batch4,no,5,,,,,,,
stig_0449,ann_4,batch4,no,9,,,,,,,
stig_0450,ann_1,batch2,no,,,,,,,,
stig_0450,ann_3,batch2,no,,,,,,,,
stig_0450,ann_4,batch2,no,,,,,,,,
stig_0451,ann_1,batch2,no,,,,,,,,
stig_0451,ann_3,batch2,no,,,,,,,,
stig_0451,ann_4,batch2,no,,,,,,,,
stig_0452,ann_2,batch4,no,5,,,,,,,
stig_0452,ann_4,batch4,no,9,,,,,,,
stig_0453,ann_2,batch4,no,4,,,,,,,
stig_0453,ann_4,batch4,no,9,,,,,,,
stig_0454,ann_2,batch4,no,5,,,,,,,
stig_0454,ann_4,batch4,no,9,,,,,,,
stig_0455,ann_2,batch4,no,8,,,,,,,
stig_0455,ann_4,batch4,no,10,,,,,,,
stig_0456,ann_2,batch4,no,4,,,,,,,
stig_0456,ann_4,batch4,no,9,,,,,,,
stig_0457,ann_1,batch2,yes,,expressed/enacted,public,affective; cognitive,"anger, irritability or frustration; fear",uncontrollable,,
stig_0457,ann_3,batch2,no,,,,,,,,
stig_0457,ann_4,batch2,yes,,expressed/enacted,public,affective,disgust,,,direct pejoratives
stig_0458,ann_1,batch2,no,,,,,,,,
stig_0458,ann_3,batch2,no,,,,,,,,
stig_0458,ann_4,batch2,no,,,,,,,,
stig_0459,ann_1,batch3,no,8,,,,,,,
stig_0459,ann_2,batch3,no,7,,,,,,,
stig_0459,ann_4,batch3,no,8,,,,,,,
stig_0460,ann_1,batch2,no,,,,,,,,
stig_0460,ann_3,batch2,no,,,,,,,,
stig_0460,ann_4,batch2,no,,,,,,,,
stig_0461,ann_2,batch4,no,5,,,,,,,
stig_0461,ann_4,batch4,no,8,,,,,,,
stig_0462,ann_2,batch4,no,6,,,,,,,
stig_0462,ann_4,batch4,no,9,,,,,,,
stig_0463,ann_1,batch2,yes,,expressed/enacted,public,cognitive,,dangerousness; moral or character flaw; pity/condescension; trivialisation or minimisation,,direct pejoratives; stereotype language
stig_0463,ann_3,batch2,no,,,,,,,,
stig_0463,ann_4,batch2,no,,,,,,,,
stig_0464,ann_2,batch4,yes,5,expressed/enacted,associative,,,,,
stig_0464,ann_4,batch4,no,8,,,,,,,
stig_0465,ann_1,batch3,no,10,,,,,,,
stig_0465,ann_2,batch3,yes,2,expressed/enacted,public,cognitive,,moral or character flaw,,
stig_0465,ann_4,batch3,no,7,,,,,,,
stig_0466,ann_1,batch3,no,8,,,,,,,
stig_0466,ann_2,batch3,yes,8,expressed/enacted,public,cognitive,,dangerousness; moral or character flaw,,
stig_0466,ann_4,batch3,yes,5,expressed/enacted,public,cognitive,,moral or character flaw,,
stig_0467,ann_2,batch4,yes,3,expressed/enacted; perceived/experienced,self,,,,,
stig_0467,ann_4,batch4,no,9,,,,,,,
stig_0468,ann_1,batch2,yes,,perceived/experienced,self,,,,,
stig_0468,ann_3,batch2,no,,,,,,,,
stig_0468,ann_4,batch2,no,,,,,,,,
stig_0469,ann_1,batch3,no,8,,,,,,,
stig_0469,ann_2,batch3,yes,7,expressed/enacted; perceived/experienced,public; self,cognitive,,immutability; incompetence; uncontrollable,,
stig_0469,ann_4,batch3,yes,5,expressed/enacted,self,,,,,
stig_0470,ann_2,batch4,no,5,,,,,,,
stig_0470,ann_4,batch4,no,8,,,,,,,
